name,email,company
Lead 1,lead1@example.com,Company 1
Lead 2,lead2@example.com,Company 2
Lead 3,lead3@example.com,Company 3
Lead 4,lead4@example.com,Company 4
Lead 5,lead5@example.com,Company 5
Lead 6,lead6@example.com,Company 6
Lead 7,lead7@example.com,Company 7
Lead 8,lead8@example.com,Company 8
Lead 9,lead9@example.com,Company 9
Lead 10,lead10@example.com,Company 10
Lead 11,lead11@example.com,Company 11
Lead 12,lead12@example.com,Company 12
Lead 13,lead13@example.com,Company 13
Lead 14,lead14@example.com,Company 14
Lead 15,lead15@example.com,Company 15
Lead 16,lead16@example.com,Company 16
Lead 17,lead17@example.com,Company 17
Lead 18,lead18@example.com,Company 18
Lead 19,lead19@example.com,Company 19
Lead 20,lead20@example.com,Company 20
Lead 21,lead21@example.com,Company 21
Lead 22,lead22@example.com,Company 22
Lead 23,lead23@example.com,Company 23
Lead 24,lead24@example.com,Company 24
Lead 25,lead25@example.com,Company 25
